Line,ID,Column,Row,Grid,meanLength,meanWidth,meanLeng6,meanVD_in_um.mm2,flowering.time,plant.height..cm.,leaf.weight,leaf_area..cmÂ².,Violaxanthin..ug.g.,Lutein..ug.g.,Betacarotene..ug.g.,Alphatocopherol..ug.g.,Total_carotenoids..ug.g.,noout.meanLength,noout.meanWidth,noout.meanVD_in_um.mm2,noout.flowering.time,noout.plant.height..cm.,noout.leaf.weight,noout.leaf_area,noout.Alphatocopherol..ug.g.,sqrt.noout.meanVD_in_um.mm2,cbrt.flowering.time,sqaure.plant.height..cm.,logPls1.leaf.weight,sqrt.leaf.area,log.Alphatocopherol..ug.g.
F2,1,1,36,1,51.44908333,127.2533889,333.4238333,6514.22453,39,60,2.3,92.36666667,15.14281964,48.95245965,101.3469833,6.931189703,165.4422626,51.44908333,127.2533889,6514.22453,39,60,2.3,,6.931189703,80.71074606,3.391211443,3600,1.193922468,9.610757861,1.936031473
F2,2,1,35,1,43.41919445,136.6932667,261.1703333,6663.021849,50,20,0.7,28.26666667,16.22975359,35.37401942,84.35178355,18.74801939,135.9555566,43.41919445,136.6932667,6663.021849,50,20,0.7,28.26666667,18.74801939,81.62733518,3.684031499,400,0.530628251,5.316640544,2.931088114
F2,3,1,34,1,47.97533333,115.5094167,273.8105,6444.67878,37,60,0.7,26.96666667,14.46345992,45.97110527,89.67265848,8.922231402,150.1072237,47.97533333,115.5094167,6444.67878,37,60,0.7,26.96666667,8.922231402,80.27875672,3.332221852,3600,0.530628251,5.192943931,2.188546072
F2,4,1,33,1,29.06619445,89.22433333,188.7698333,8748.228423,39,53,1.3,45.3,14.27636473,38.47210721,90.20294218,10.83991528,142.9514141,29.06619445,89.22433333,8748.228423,39,53,1.3,45.3,10.83991528,93.53196471,3.391211443,2809,0.832909123,6.730527468,2.38323518
F2,5,1,31,1,44.75566667,116.1668889,209.835,6384.5663,37,57,1.3,42.23333333,16.05822367,41.45673719,88.30806673,6.381787328,145.8230276,44.75566667,116.1668889,6384.5663,37,57,1.3,42.23333333,6.381787328,79.90348115,3.332221852,3249,0.832909123,6.498717822,1.853448204
F2,6,1,30,1,33.97927778,106.6704445,188.2488333,8511.291369,,,,,13.56878647,33.41274167,71.51622345,13.5919931,118.4977516,33.97927778,106.6704445,8511.291369,,,,,13.5919931,92.2566603,,,,,2.609480877
F2,7,1,29,2,37.95555556,116.5618611,209.7261667,8291.358424,37,48,0.3,14.36666667,15.42614908,32.47612059,77.1765997,8.234162499,125.0788694,37.95555556,116.5618611,8291.358424,37,48,0.3,14.36666667,8.234162499,91.05689663,3.332221852,2304,0.262364264,3.790338596,2.108291658
F2,8,1,28,2,49.10358334,135.9654722,306.5176667,5847.86935,44,44,1,26.7,10.86673953,22.96337706,54.28959991,24.06141794,88.1197165,49.10358334,135.9654722,5847.86935,44,44,1,26.7,24.06141794,76.47136294,3.530348335,1936,0.693147181,5.167204273,3.180609642
F2,9,1,27,2,39.24383333,115.7819167,205.7243333,7183.062946,40,45,1.3,40.9,12.61847326,32.81452282,67.19214716,5.389050271,112.6251432,39.24383333,115.7819167,7183.062946,40,45,1.3,40.9,5.389050271,84.75295243,3.419951893,2025,0.832909123,6.395310782,1.684369167
F2,10,1,26,2,46.49794445,120.8338889,275.1956667,6311.810513,42,54,0.3,35.7,11.51760337,24.9105668,63.29843522,20.6116145,99.72660538,46.49794445,120.8338889,6311.810513,42,54,0.3,35.7,20.6116145,79.44690373,3.476026645,2916,0.262364264,5.974947699,3.025854728
F2,11,1,25,2,45.13436111,110.2810278,247.4861667,6391.152933,41,69,1.3,65.16666667,16.58702671,56.44525436,103.4003826,7.528433722,176.4326636,45.13436111,110.2810278,6391.152933,41,69,1.3,65.16666667,7.528433722,79.94468671,3.44821724,4761,0.832909123,8.072587359,2.018687015
F2,12,1,24,2,48.14819444,127.8836945,291.2928333,6290.014062,37,73,1.3,,14.61942458,41.06664992,108.3664876,17.05580405,164.0525621,48.14819444,127.8836945,6290.014062,37,73,1.3,,17.05580405,79.30960889,3.332221852,5329,0.832909123,,2.836490559
F2,13,1,23,3,46.873,121.0432333,248.8476,6780.36989,40,44,1,,12.96531176,29.7977165,66.78752985,7.639903645,109.5505581,46.873,121.0432333,6780.36989,40,44,1,,7.639903645,82.34300146,3.419951893,1936,0.693147181,,2.033384991
F2,14,1,22,3,54.6088,135.6744,319.9822,9030.878216,42,40,0.7,,11.58648574,24.14459622,57.47721497,8.917220574,93.20829693,54.6088,135.6744,,42,40,0.7,,8.917220574,,3.476026645,1600,0.530628251,,2.187984303
F2,15,1,21,3,47.65075,115.8891389,232.4536667,6506.229721,42,51,1.3,50.33333333,14.70539754,48.03126002,105.3421116,7.941053156,168.0787691,47.65075,115.8891389,6506.229721,42,51,1.3,50.33333333,7.941053156,80.66120332,3.476026645,2601,0.832909123,7.094598884,2.072045906
F2,16,1,20,3,45.51070833,118.08275,,6768.256542,40,53,0.4,18.73333333,19.42493173,41.79137103,95.4051114,8.979970536,156.6214142,45.51070833,118.08275,6768.256542,40,53,0.4,18.73333333,8.979970536,82.26941438,3.419951893,2809,0.336472237,4.32820209,2.194996601
F2,17,1,19,3,33.58213889,110.7966667,205.6363333,6929.591175,39,52,0.5,21.7,15.65512142,41.65924516,82.29793526,14.09658098,139.6123018,33.58213889,110.7966667,6929.591175,39,52,0.5,21.7,14.09658098,83.24416601,3.391211443,2704,0.405465108,4.65832588,2.645932284
F2,18,1,17,4,48.29580556,130.2639722,295.594,6312.601667,50,75,1.5,73.93333333,19.22677793,41.47410082,95.95238514,31.09887531,156.6532639,48.29580556,130.2639722,6312.601667,50,75,1.5,73.93333333,31.09887531,79.45188272,3.684031499,5625,0.916290732,8.598449472,3.437171655
F2,19,1,16,4,50.82922222,124.21375,287.538,6582.089552,38,62,1,42.7,14.18858912,43.78033202,102.2603287,17.85180593,160.2292499,50.82922222,124.21375,6582.089552,38,62,1,42.7,17.85180593,81.13007797,3.361975407,3844,0.693147181,6.534523701,2.882104676
F2,20,1,15,4,56.56219445,143.6658333,304.6933333,6141.37573,35,58,0.4,22.4,14.10698414,32.4017092,76.29835707,8.051034476,122.8070504,56.56219445,143.6658333,6141.37573,35,58,0.4,22.4,8.051034476,78.36693008,3.27106631,3364,0.336472237,4.732863826,2.08580059
F2,21,1,14,4,34.35080556,103.3584167,227.374,8864.243997,35,33,0.3,10.16666667,13.63375152,38.15393838,91.35167815,24.36799654,143.139368,34.35080556,103.3584167,,35,33,0.3,10.16666667,24.36799654,,3.27106631,1089,0.262364264,3.188521079,3.193270654
F2,22,1,13,4,37.41444445,109.1431945,204.5141667,7806.143199,37,57,0.6,27.33333333,13.50815473,26.9265733,67.74937542,22.97397859,108.1841035,37.41444445,109.1431945,7806.143199,37,57,0.6,27.33333333,22.97397859,88.35238083,3.332221852,3249,0.470003629,5.228129047,3.13436221
F2,23,1,12,4,32.23688889,115.42375,198.6371667,8036.826736,38,60,0.6,28.13333333,12.49436713,38.16880906,93.28577288,16.61908799,143.9489491,32.23688889,115.42375,8036.826736,38,60,0.6,28.13333333,16.61908799,89.64835044,3.361975407,3600,0.470003629,5.304086475,2.810551914
F2,24,1,11,5,49.56675,131.7184722,312.5963333,7271.414666,40,57,0.5,24.33333333,12.58190009,37.83205913,98.88627235,17.07163665,149.3002316,49.56675,131.7184722,7271.414666,40,57,0.5,24.33333333,17.07163665,85.27259036,3.419951893,3249,0.405465108,4.932882862,2.837418411
F2,25,1,10,5,48.83008333,119.1502778,293.5521667,7197.598962,37,73,0.7,35.76666667,13.92321693,39.23001921,76.70192655,4.278055134,129.8551627,48.83008333,119.1502778,7197.598962,37,73,0.7,35.76666667,4.278055134,84.83866431,3.332221852,5329,0.530628251,5.980523946,1.453498498
F2,26,1,9,5,50.2189,120.1860667,281.2738,6382.219338,43,43,0.7,26.76666667,16.71234617,37.10090276,85.96725899,7.081463593,139.7805079,50.2189,120.1860667,6382.219338,43,43,0.7,26.76666667,7.081463593,79.88879357,3.50339806,1849,0.530628251,5.173651193,1.957480609
F2,27,1,8,5,48.55091667,,,6597.988319,38,53,0.6,27.76666667,11.36330271,26.85984365,57.5472708,3.333182804,95.77041716,48.55091667,,6597.988319,38,53,0.6,27.76666667,3.333182804,81.22800206,3.361975407,2809,0.470003629,5.269408569,1.203927645
F2,28,1,7,5,50.55925,138.9595,322.7036667,6199.080682,34,56,0.8,34.96666667,9.483753525,24.00884689,53.52998816,25.99833386,87.02258857,50.55925,138.9595,6199.080682,34,56,0.8,34.96666667,25.99833386,78.73424085,3.239611801,3136,0.587786665,5.913261931,3.258032454
F2,29,1,6,6,37.3009,122.3844667,222.3686,6836.545535,48,48,1,45.86666667,11.7184265,39.61126524,78.98704889,6.064287857,130.3167406,37.3009,122.3844667,6836.545535,48,48,1,45.86666667,6.064287857,82.68340544,3.634241186,2304,0.693147181,6.772493386,1.802417117
F2,30,1,5,6,56.11933333,144.7811667,307.0865,6175.535367,34,78,0.5,25.43333333,8.577328124,30.45330198,65.94596175,22.12848349,104.9765919,56.11933333,144.7811667,6175.535367,34,78,0.5,25.43333333,22.12848349,78.58457461,3.239611801,6084,0.405465108,5.043147165,3.096865624
F2,31,1,4,6,48.44466667,123.7885833,242.3868333,6800.584036,34,59,0.2,10.53333333,3.936625589,40.45231392,85.62753313,7.599514169,130.0164726,48.44466667,123.7885833,6800.584036,34,59,0.2,10.53333333,7.599514169,82.46565367,3.239611801,3481,0.182321557,3.245509718,2.02808432
F2,32,1,3,6,51.69141667,130.9083056,338.996,6375.708416,41,51,0.4,18.06666667,7.139811694,16.51199391,40.28771504,7.304263156,63.93952065,51.69141667,130.9083056,6375.708416,41,51,0.4,18.06666667,7.304263156,79.84803326,3.44821724,2601,0.336472237,4.250490168,1.988458172
F2,33,1,1,6,43.69026667,,,6850.47588,40,63,1.1,23.63333333,10.6103113,31.87077077,72.60710348,9.317068188,115.0881856,43.69026667,,6850.47588,40,63,1.1,23.63333333,9.317068188,82.76760163,3.419951893,3969,0.741937345,4.861412689,2.231848007
F2,34,2,1,6,55.13761111,159.1801111,331.2393333,5836.437378,,,,,,,,,,55.13761111,,5836.437378,,,,,,76.39657962,,,,,
F2,35,2,2,6,42.27866667,122.6561389,267.3578333,5614.157475,40,52,0.2,8.7,10.78229189,29.50470899,59.69183241,42.7327479,99.97883329,42.27866667,122.6561389,5614.157475,40,52,0.2,8.7,,74.92768163,3.419951893,2704,0.182321557,2.949576241,3.754965556
F2,36,2,3,6,65.85647222,152.9081945,380.0881667,5603.406879,41,66,1.8,64.6,13.59419703,43.1869831,89.68186453,12.08395802,146.4630447,,152.9081945,5603.406879,41,66,1.8,64.6,12.08395802,74.85590744,3.44821724,4356,1.029619417,8.037412519,2.49187879
F2,37,2,4,6,47.31019445,136.4747222,276.2971667,5867.477827,40,50,0.8,36,10.04042844,30.65743326,70.38522598,28.35625582,111.0830877,47.31019445,136.4747222,5867.477827,40,50,0.8,36,28.35625582,76.59946362,3.419951893,2500,0.587786665,6,3.34484767
F2,38,2,5,6,46.76223333,,,6358.825438,40,56,0.8,31.03333333,11.01199223,36.69927839,78.88877613,16.31904364,126.6000467,46.76223333,,6358.825438,40,56,0.8,31.03333333,16.31904364,79.74224375,3.419951893,3136,0.587786665,5.57075698,2.792332747
F2,39,2,6,6,39.38797222,108.3908889,244.8523333,6918.083497,41,52,0.4,17.8,9.789408199,21.60953623,47.76250732,16.95515968,79.16145176,39.38797222,108.3908889,6918.083497,41,52,0.4,17.8,16.95515968,83.17501726,3.44821724,2704,0.336472237,4.219004622,2.830572193
F2,40,2,7,5,49.57402778,121.8923611,300.833,6285.69111,35,46,0.5,22.4,15.59133503,40.1028384,92.36082637,22.9593582,148.0549998,49.57402778,121.8923611,6285.69111,35,46,0.5,22.4,22.9593582,79.28235056,3.27106631,2116,0.405465108,4.732863826,3.133725618
F2,41,2,8,5,48.99055556,131.3228611,300.415,6320.971232,34,71,0.3,14.8,6.828402378,17.80275754,38.94872062,5.538398287,63.57988054,48.99055556,131.3228611,6320.971232,34,71,0.3,14.8,5.538398287,79.50453592,3.239611801,5041,0.262364264,3.847076812,1.711705341
F2,42,2,9,5,37.4645,104.9669444,231.8161667,6633.874108,39,41,0.4,20.2,11.14455699,26.8004189,57.90361247,25.71939062,95.84858836,37.4645,104.9669444,6633.874108,39,41,0.4,20.2,25.71939062,81.44859795,3.391211443,1681,0.336472237,4.494441011,3.247245206
F2,43,2,11,5,46.90175,118.3964167,274.3343333,6429.158554,37,75,0.4,18.96666667,12.42954075,26.26017542,59.29170585,42.13298533,97.98142202,46.90175,118.3964167,6429.158554,37,75,0.4,18.96666667,,80.18203386,3.332221852,5625,0.336472237,4.35507367,3.740830933
F2,44,2,12,5,48.77363889,101.2350556,293.5246667,5884.133679,36,48,1.1,42.3,9.987978005,27.34257557,63.20135999,4.457407227,100.5319136,48.77363889,101.2350556,5884.133679,36,48,1.1,42.3,4.457407227,76.708107,3.301927249,2304,0.741937345,6.503845017,1.494567258
F2,45,2,13,4,41.44236111,125.2825556,276.547,7319.073114,40,52,0.5,24.73333333,5.96343813,12.453863,25.01427197,24.3470381,43.4315731,41.44236111,125.2825556,7319.073114,40,52,0.5,24.73333333,24.3470381,85.5515816,3.419951893,2704,0.405465108,4.97326184,3.192410204
F2,46,2,14,4,40.96419444,109.5182222,268.917,6825.340688,41,52,0.3,15.9,15.34010679,33.49547252,82.77964393,40.90474674,131.6152232,40.96419444,109.5182222,6825.340688,41,52,0.3,15.9,,82.61562012,3.44821724,2704,0.262364264,3.987480407,3.711246114
F2,47,2,15,4,50.64272222,131.2230833,297.6843333,6271.682025,40,47,0.4,15.73333333,10.79927849,31.40986659,67.83103237,25.18209745,110.0401774,50.64272222,131.2230833,6271.682025,40,47,0.4,15.73333333,25.18209745,79.19395195,3.419951893,2209,0.336472237,3.966526608,3.226133323
F2,48,2,16,4,44.42863889,116.6706389,269.9666667,6600.865238,42,52,0.8,32.33333333,,,,,,44.42863889,116.6706389,6600.865238,42,52,0.8,32.33333333,,81.24570904,3.476026645,2704,0.587786665,5.686240703,
F2,49,2,17,4,42.28283333,119.9024722,273.129,6586.556347,41,57,0.6,24.2,11.37800131,24.86888251,59.13445446,11.48101807,95.38133828,42.28283333,119.9024722,6586.556347,41,57,0.6,24.2,11.48101807,81.15760191,3.44821724,3249,0.470003629,4.91934955,2.440695069
F2,50,2,18,4,41.01488889,117.427,272.7451667,6528.779474,35,44,0.4,15.5,15.73644907,42.84959544,95.04308144,13.01709046,153.6291259,41.01488889,117.427,6528.779474,35,44,0.4,15.5,13.01709046,80.80086308,3.27106631,1936,0.336472237,3.937003937,2.566263145
F2,51,2,19,3,50.18669445,127.564,297.132,5990.882544,37,58,0.4,18.4,5.686556665,17.41710538,35.8477772,5.173431661,58.95143924,50.18669445,127.564,5990.882544,37,58,0.4,18.4,5.173431661,77.40079162,3.332221852,3364,0.336472237,4.289522118,1.643536233
F2,52,2,20,3,40.888,119.1641667,215.624,7004.542505,39,51,0.6,21.6,12.70396089,29.29341775,63.59467557,7.012563021,105.5920542,40.888,119.1641667,7004.542505,39,51,0.6,21.6,7.012563021,83.69314491,3.391211443,2601,0.470003629,4.647580015,1.947703258
F2,53,2,21,3,36.33605556,103.8143333,225.4538333,7188.968202,38,57,0.9,38.76666667,6.148765326,15.38396715,34.7655793,9.883492891,56.29831178,36.33605556,103.8143333,7188.968202,38,57,0.9,38.76666667,9.883492891,84.78778333,3.361975407,3249,0.641853886,6.226288354,2.290865981
F2,54,2,22,3,54.75761111,130.3417778,330.6026667,6304.76963,40,49,0.8,36.66666667,12.02973181,27.66831018,69.54388242,10.49953239,109.2419244,54.75761111,130.3417778,6304.76963,40,49,0.8,36.66666667,10.49953239,79.40257949,3.419951893,2401,0.587786665,6.055300708,2.351330722
F2,55,2,23,3,48.55697223,121.69925,274.7141667,6326.573653,38,57,0.5,24.7,14.21164235,40.60061492,90.68382755,34.25734594,145.4960848,48.55697223,121.69925,6326.573653,38,57,0.5,24.7,34.25734594,79.53976146,3.361975407,3249,0.405465108,4.969909456,3.533901022
F2,56,2,24,3,46.43658334,124.54875,301.841,6179.24508,42,71,1.7,74.83333333,17.38862057,47.66673989,101.1549286,19.969513,166.210289,46.43658334,124.54875,6179.24508,42,71,1.7,74.83333333,19.969513,78.60817438,3.476026645,5041,0.993251773,8.650626181,2.994206761
F2,57,2,25,2,36.86030556,109.9073333,229.8678333,7775.178456,36,39,0,11.2,19.6488081,45.82326808,117.4360978,8.005489312,182.908174,36.86030556,109.9073333,7775.178456,36,39,0,11.2,8.005489312,88.17697237,3.301927249,1521,0,3.346640106,2.08012747
F2,58,2,26,2,50.772,133.0712222,284.0116667,6915.282284,,,,,5.172452228,16.81972718,33.73592328,3.471465093,55.72810268,50.772,133.0712222,6915.282284,,,,,3.471465093,83.15817629,,,,,1.244576722
F2,59,2,27,2,39.67458333,120.3241667,255.333,6320.819812,47,39,0.5,23.33333333,14.02582982,28.06497765,66.75691784,21.58794608,108.8477253,39.67458333,120.3241667,6320.819812,47,39,0.5,23.33333333,21.58794608,79.50358364,3.60882608,1521,0.405465108,4.830458915,3.072135107
F2,60,2,29,2,42.99508334,131.6298611,266.8523333,6974.032012,35,49,0.9,39.2,13.06886064,38.73650388,92.76230016,20.9183692,144.5676647,42.99508334,131.6298611,6974.032012,35,49,0.9,39.2,20.9183692,83.51067005,3.27106631,2401,0.641853886,6.260990337,3.040627682
F2,61,2,30,2,46.59730555,121.25225,262.4588333,6446.192947,38,58,0.5,19.83333333,19.41935042,43.42155145,99.40106294,9.874556497,162.2419648,46.59730555,121.25225,6446.192947,38,58,0.5,19.83333333,9.874556497,80.28818685,3.361975407,3364,0.405465108,4.453463072,2.289961398
F2,62,2,31,1,45.91063889,115.8889444,274.7651667,7060.188189,37,47,1,37.2,13.10286849,30.34961303,74.37369293,10.48455423,117.8261745,45.91063889,115.8889444,7060.188189,37,47,1,37.2,10.48455423,84.024926,3.332221852,2209,0.693147181,6.099180273,2.349903148
F2,63,2,32,1,45.42261111,115.25075,267.0763333,7278.228423,40,70,2.1,68.63333333,19.61434958,48.11546925,108.3396927,16.0081813,176.0695115,45.42261111,115.25075,7278.228423,40,70,2.1,68.63333333,16.0081813,85.3125338,3.419951893,4900,1.131402111,8.284523724,2.773099923
F2,64,2,33,1,55.49022222,150.1431667,310.8568333,5831.213498,38,57,0.8,42.3,13.04955139,33.20539276,72.44049634,6.665993905,118.6954405,55.49022222,150.1431667,5831.213498,38,57,0.8,42.3,6.665993905,76.36238274,3.361975407,3249,0.587786665,6.503845017,1.897019066
F2,65,2,34,1,45.31575,115.9258611,285.4995,6619.262382,37,46,0.7,36.43333333,17.01789684,43.46775782,93.22769241,12.11140415,153.7133471,45.31575,115.9258611,6619.262382,37,46,0.7,36.43333333,12.11140415,81.35884944,3.332221852,2116,0.530628251,6.036003092,2.4941475
F2,66,2,35,1,46.17238889,129.1799445,273.63,6675.846853,40,50,0.7,27.26666667,,,,,,46.17238889,129.1799445,6675.846853,40,50,0.7,27.26666667,,81.70585568,3.419951893,2500,0.530628251,5.221749388,
F2,67,2,36,1,33.69358334,102.3972222,230.2348333,7699.242914,35,33,0.4,16.5,17.68657927,45.16002986,111.733733,10.23192808,174.5803421,33.69358334,102.3972222,7699.242914,35,33,0.4,16.5,10.23192808,87.74532987,3.27106631,1089,0.336472237,4.062019202,2.325513035
F2,68,3,36,1,44.55794444,126.5049167,267.0806667,7075.859831,41,44,0.5,21.6,12.0016866,33.41297357,66.03375607,15.66226645,111.4484162,44.55794444,126.5049167,7075.859831,41,44,0.5,21.6,15.66226645,84.11813022,3.44821724,1936,0.405465108,4.647580015,2.751254409
F2,69,3,35,1,48.97180556,130.2438056,297.0895,6648.637249,40,35,0.9,35.8,16.34172644,45.34404368,106.4813421,32.42502125,168.1671122,48.97180556,130.2438056,6648.637249,40,35,0.9,35.8,32.42502125,81.53917616,3.419951893,1225,0.641853886,5.983310121,3.478930386
F2,70,3,34,1,46.97733333,121.0805,208.569,6544.992428,41,47,0.9,42.7,15.75388633,32.1246739,77.61093087,25.42433939,125.4894911,46.97733333,121.0805,6544.992428,41,47,0.9,42.7,25.42433939,80.90112748,3.44821724,2209,0.641853886,6.534523701,3.235706959
F2,71,3,33,1,41.67888889,117.7087222,292.1638333,6002.238806,41,43,0.2,11.96666667,21.20987599,53.8576397,121.9807452,11.29222316,197.0482609,41.67888889,117.7087222,6002.238806,41,43,0.2,11.96666667,11.29222316,77.47411701,3.44821724,1849,0.182321557,3.459287018,2.424114273
F2,72,3,32,1,50.71875,141.5295,331.5821667,5845.688948,37,67,0.6,28.1,7.396343914,20.520295,46.7208011,7.14936208,74.63744001,50.71875,141.5295,5845.688948,37,67,0.6,28.1,7.14936208,76.45710528,3.332221852,4489,0.470003629,5.300943312,1.967023133
F2,73,3,31,1,44.87175,118.9605,290.3853333,6682.93316,41,62,0.4,21.03333333,18.96962171,50.24478861,115.0449936,16.74825619,184.2594039,44.87175,118.9605,6682.93316,41,62,0.4,21.03333333,16.74825619,81.74920893,3.44821724,3844,0.336472237,4.586211217,2.818294145
F2,74,3,30,2,46.931,121.6955,299.6856667,6649.47004,42,49,0.8,28.6,14.80187445,28.68571993,72.8064183,19.81336788,116.2940127,46.931,121.6955,6649.47004,42,49,0.8,28.6,19.81336788,81.54428269,3.476026645,2401,0.587786665,5.347896783,2.986356855
F2,75,3,29,2,46.64230556,122.3421667,329.806,6256.619079,34,64,0.4,19.8,9.406897859,22.77837766,58.31294509,8.82094073,90.4982206,46.64230556,122.3421667,6256.619079,34,64,0.4,19.8,8.82094073,79.09879316,3.239611801,4096,0.336472237,4.449719092,2.177128523
F2,76,3,28,2,36.86925,120.3218889,222.5911667,6597.306944,44,55,0.8,33.2,16.09330619,31.91262899,75.04326499,15.4747538,123.0492002,36.86925,120.3218889,6597.306944,44,55,0.8,33.2,15.4747538,81.22380774,3.530348335,3025,0.587786665,5.761944116,2.739209909
F2,77,3,27,2,33.45804167,113.873,212.357,6455.807917,38,51,0.7,31.4,20.34657573,41.96970326,108.508171,17.45698009,170.82445,33.45804167,113.873,6455.807917,38,51,0.7,31.4,17.45698009,80.3480424,3.361975407,2601,0.530628251,5.60357029,2.859739574
F2,78,3,26,2,37.01355556,117.8701667,239.0005,7494.073114,49,80,1.5,59.33333333,21.20634001,37.34703719,85.37679913,30.55659638,143.9301763,37.01355556,117.8701667,7494.073114,49,80,1.5,59.33333333,30.55659638,86.56831472,3.65930571,6400,0.916290732,7.702813339,3.419580583
F2,79,3,25,2,48.26211111,124.6103056,318.601,5749.978371,41,57,1.5,53.33333333,19.32852415,43.17130077,100.3664263,7.805814534,162.8662512,48.26211111,124.6103056,5749.978371,41,57,1.5,53.33333333,7.805814534,75.82861182,3.44821724,3249,0.916290732,7.302967433,2.054868909
F2,80,3,24,3,44.71086111,116.4096389,265.8671667,6290.006489,42,63,1.2,10.63333333,17.06961928,36.8658996,85.25816826,15.40700833,139.1936871,44.71086111,116.4096389,6290.006489,42,63,1.2,10.63333333,15.40700833,79.30956114,3.476026645,3969,0.78845736,3.260879227,2.734822492
F2,81,3,23,3,35.36311111,109.8422778,247.0923333,7429.872376,,27,0.2,47.6,16.42700607,40.46216973,92.32744507,17.83767007,149.2166209,35.36311111,109.8422778,7429.872376,,27,0.2,47.6,17.83767007,86.19670745,,729,0.182321557,6.899275324,2.881312517
F2,82,3,21,3,48.23186111,118.4821667,322.7745,6124.735022,38,43,1.4,49.8,17.3203622,42.6667991,94.748338,18.8432074,154.7354993,48.23186111,118.4821667,6124.735022,38,43,1.4,49.8,18.8432074,78.26068631,3.361975407,1849,0.875468737,7.056911506,2.936152499
F2,83,3,20,3,40.60780556,118.27475,235.6386667,8134.153687,42,50,0.5,25.16667,16.85388955,36.76194976,87.26778258,11.76744153,140.8836219,40.60780556,118.27475,8134.153687,42,50,0.5,25.16667,11.76744153,90.18954311,3.476026645,2500,0.405465108,5.016639313,2.465336526
F2,84,3,19,3,51.23008334,132.9685,313.6473333,6027.638981,37,52,0.8,41.5,14.26523678,36.59735769,82.7589116,18.08204612,133.6215061,51.23008334,132.9685,6027.638981,37,52,0.8,41.5,18.08204612,77.63787079,3.332221852,2704,0.587786665,6.442049363,2.894919519
F2,85,3,18,4,40.41188889,117.1850833,261.1851667,7457.127405,40,47,0.5,20.1,,,,,,40.41188889,117.1850833,7457.127405,40,47,0.5,20.1,,86.35466059,3.419951893,2209,0.405465108,4.483302354,
F2,86,3,17,4,42.26069444,123.3224167,255.6243333,5792.072246,38,53,1.2,43.83333333,,,,,,42.26069444,123.3224167,5792.072246,38,53,1.2,43.83333333,,76.10566501,3.361975407,2809,0.78845736,6.620674688,
F2,87,3,16,4,39.40969445,105.7582778,274.5726667,7075.556996,41,62,1.2,43.86666667,,,,,,39.40969445,105.7582778,7075.556996,41,62,1.2,43.86666667,,84.11633014,3.44821724,3844,0.78845736,6.623191577,
F2,88,3,15,4,50.00152778,122.2921945,288.5956667,5736.502271,41,50,1.1,35.3,,,,,,50.00152778,122.2921945,5736.502271,41,50,1.1,35.3,,75.73970076,3.44821724,2500,0.741937345,5.941380311,
F2,89,3,14,4,57.22247222,130.0927222,377.0825,6065.682459,34,58,1.1,34.7,,,,,,57.22247222,130.0927222,6065.682459,34,58,1.1,34.7,,77.88249135,3.239611801,3364,0.741937345,5.89067059,
F2,90,3,13,4,,,,7684.782609,36,49,0.3,16.2,,,,,,,,7684.782609,36,49,0.3,16.2,,87.66289186,3.301927249,2401,0.262364264,4.024922359,
F2,91,3,12,5,48.90705556,118.7518611,280.9513333,6573.761628,40,62,0.7,30.2,,,,,,48.90705556,118.7518611,6573.761628,40,62,0.7,30.2,,81.07873721,3.419951893,3844,0.530628251,5.495452666,
F2,92,3,11,5,44.88527778,122.5873889,266.7648333,6452.855289,40,49,0.8,29.63333333,,,,,,44.88527778,122.5873889,6452.855289,40,49,0.8,29.63333333,,80.32966631,3.419951893,2401,0.587786665,5.443650735,
F2,93,3,10,5,39.15036111,125.4717778,248.7636667,6519.10015,44,45,1.1,41.26666667,,,,,,39.15036111,125.4717778,6519.10015,44,45,1.1,41.26666667,,80.74094469,3.530348335,2025,0.741937345,6.423913657,
F2,94,3,9,5,36.76511111,118.5320556,216.1273333,8019.868053,36,52,0.6,21.7,10.60046601,30.90153855,69.96938176,6.692546994,111.4713863,36.76511111,118.5320556,8019.868053,36,52,0.6,21.7,6.692546994,89.55371602,3.301927249,2704,0.470003629,4.65832588,1.900994518
F2,95,3,8,5,48.09052778,116.39975,277.1928333,6076.58447,42,55,1.1,43.46666667,15.76584627,36.17494915,85.77138709,9.859751056,137.7121825,48.09052778,116.39975,6076.58447,42,55,1.1,43.46666667,9.859751056,77.95245006,3.476026645,3025,0.741937345,6.592925502,2.28846092
F2,96,3,7,5,47.19866667,131.7507778,297.1826667,5462.589228,37,56,1.4,47.2,11.86565519,29.61561587,68.91674803,8.049451754,110.3980191,47.19866667,131.7507778,5462.589228,37,56,1.4,47.2,8.049451754,73.90933113,3.332221852,3136,0.875468737,6.870225615,2.085603984
F2,97,3,5,6,49.11069445,129.8999722,287.6925,6717.304782,37,58,0.7,30.3,11.064408,28.64841278,57.93123063,5.101026972,97.64405142,49.11069445,129.8999722,6717.304782,37,58,0.7,30.3,5.101026972,81.95916533,3.332221852,3364,0.530628251,5.504543578,1.629441887
F2,98,3,4,6,50.36352778,138.3126945,268.962,6944.751785,34,45,0.2,26.8,12.93470122,29.38151133,64.43152837,28.39318078,106.7477409,50.36352778,138.3126945,6944.751785,34,45,0.2,26.8,28.39318078,83.33517736,3.239611801,2025,0.182321557,5.176871642,3.346149003
F2,99,3,3,6,55.2195,122.7450278,342.2016667,5739.83344,44,58,1.5,56.1,13.94963282,39.24831044,82.46394363,12.20154771,135.6618869,55.2195,122.7450278,5739.83344,44,58,1.5,56.1,12.20154771,75.76168847,3.530348335,3364,0.916290732,7.489993324,2.501562805
F2,100,3,2,6,42.85777778,114.0874722,235.527,6703.737833,44,48,0.6,26,10.61412462,32.59792684,72.33631075,7.284646667,115.5483622,42.85777778,114.0874722,6703.737833,44,48,0.6,26,7.284646667,81.87635698,3.530348335,2304,0.470003629,5.099019514,1.985768937
F2,101,3,1,6,42.55688889,117.4929445,250.8591667,7067.304782,38,66,1.7,73.3,15.93075489,41.47917366,93.66381988,8.229840954,151.0737484,42.55688889,117.4929445,7067.304782,38,66,1.7,73.3,8.229840954,84.06726344,3.361975407,4356,0.993251773,8.561541917,2.107766689
F2,102,4,1,7,44.07488889,113.8836667,241.3788333,6819.965392,50,26,1.4,58.84966667,13.86501185,36.45415853,78.13859496,18.97271527,128.4577653,44.07488889,113.8836667,6819.965392,50,26,1.4,58.84966667,18.97271527,82.58308175,3.684031499,676,0.875468737,7.67135364,2.943001909
F2,103,4,2,7,51.17363889,114.0770833,283.0341667,6192.266925,37,48,2,57.60766667,12.35875172,30.00607998,69.61199225,5.699403213,111.976824,51.17363889,114.0770833,6192.266925,37,48,2,57.60766667,5.699403213,78.69095834,3.332221852,2304,1.098612289,7.589971454,1.74036147
F2,104,4,3,7,40.85511111,117.3770556,263.8983333,6383.218689,38,53,0.8,35.81,8.529211,27.58595617,61.56799637,5.176069201,97.68316353,40.85511111,117.3770556,6383.218689,38,53,0.8,35.81,5.176069201,79.89504796,3.361975407,2809,0.587786665,5.98414572,1.644045927
F2,105,4,4,7,40.44116667,111.7531111,262.7423333,6250.486697,39,43,0.7,31.12333333,13.14509231,34.57227804,77.83958531,6.216578257,125.5569557,40.44116667,111.7531111,6250.486697,39,43,0.7,31.12333333,6.216578257,79.06001959,3.391211443,1849,0.530628251,5.578829029,1.827219636
F2,106,4,5,7,37.46113889,112.5664444,244.3705,6859.6366,36,58,0.9,37.869,16.00483724,42.26569651,89.22695072,7.376840962,147.4974845,37.46113889,112.5664444,6859.6366,36,58,0.9,37.869,7.376840962,82.82292316,3.301927249,3364,0.641853886,6.153779327,1.998345493
F2,107,4,6,7,46.92663889,122.3839167,303.1583333,6671.349773,42,45,0.6,28.3,11.86801252,32.36301064,69.23349618,8.685959196,113.4645193,46.92663889,122.3839167,6671.349773,42,45,0.6,28.3,8.685959196,81.67833111,3.476026645,2025,0.470003629,5.319774431,2.161707836
F2,108,4,7,8,34.14380556,97.6555,221.133,7492.786068,35,48,0.4,6.756666667,15.75139034,38.75383852,90.75852383,11.93706945,145.2637527,34.14380556,97.6555,7492.786068,35,48,0.4,6.756666667,11.93706945,86.5608807,3.27106631,2304,0.336472237,2.599358895,2.479648638
F2,109,4,8,8,43.85430556,122.0777778,260.8218333,6282.284231,41,33,0.3,14.81666667,15.9662534,36.25730316,86.10070936,21.05102401,138.3242659,43.85430556,122.0777778,6282.284231,41,33,0.3,14.81666667,21.05102401,79.26086191,3.44821724,1089,0.262364264,3.84924235,3.046949206
F2,110,4,9,8,33.12272222,101.8705555,196.8561667,7388.232751,34,54,0.7,27.00333333,,,,,,33.12272222,101.8705555,7388.232751,34,54,0.7,27.00333333,,85.95482971,3.239611801,2916,0.530628251,5.196473163,
F2,111,4,10,8,28.73336111,108.847,171.0363333,8137.942894,51,37,1.1,48.64666667,15.92777357,43.62188534,94.14650155,12.786511,153.6961605,28.73336111,108.847,8137.942894,51,37,1.1,48.64666667,12.786511,90.21054758,3.708429769,1369,0.741937345,6.974716243,2.548390787
F2,112,4,11,8,44.31030556,117.0458056,262.6475,6193.277632,47,55,0.6,25.81,15.68240397,29.80429671,64.16709755,10.66801595,109.6537982,44.31030556,117.0458056,6193.277632,47,55,0.6,25.81,10.66801595,78.69738008,3.60882608,3025,0.470003629,5.080354318,2.367250101
F2,113,4,12,8,40.49783333,107.6734722,247.7963333,6845.630544,49,42,1.4,60.47333333,14.29411399,33.74418685,74.60429337,9.274738016,122.6425942,40.49783333,107.6734722,6845.630544,49,42,1.4,60.47333333,9.274738016,82.73832573,3.65930571,1764,0.875468737,7.776460206,2.227294362
F2,114,4,13,9,41.46511111,115.3567778,253.1556667,6864.557645,43,55,1.6,59.90666667,20.98319164,45.28919898,106.9190413,20.16219865,173.191432,41.46511111,115.3567778,6864.557645,43,55,1.6,59.90666667,20.16219865,82.85262606,3.50339806,3025,0.955511445,7.739939707,3.003809497
F2,115,4,14,9,45.89919444,115.1405278,276.8261667,6474.659312,44,76,1.6,58.11666667,20.4465193,44.16630304,104.1420313,30.4366145,168.7548536,45.89919444,115.1405278,6474.659312,44,76,1.6,58.11666667,30.4366145,80.46526774,3.530348335,5776,0.955511445,7.6234288,3.415646308
F2,116,4,16,9,41.20033334,108.3445278,242.2875,6676.422238,39,58,1.1,34.72,11.48869149,26.63434845,60.44598041,13.22593723,98.56902036,41.20033334,108.3445278,6676.422238,39,58,1.1,34.72,13.22593723,81.70937668,3.391211443,3364,0.741937345,5.892367945,2.582179843
F2,117,4,17,9,45.98127778,121.5256111,261.0441667,6644.397579,42,67,1.5,58.5,,,,,,45.98127778,121.5256111,6644.397579,42,67,1.5,58.5,,81.51317427,3.476026645,4489,0.916290732,7.64852927,
F2,118,4,18,9,43.88877778,122.6838333,256.857,6884.393251,37,51,0.8,30.03333333,9.428807097,25.51345266,60.77380577,4.240440298,95.71606553,43.88877778,122.6838333,6884.393251,37,51,0.8,30.03333333,4.240440298,82.97224386,3.332221852,2601,0.587786665,5.480267633,1.444667108
F2,119,4,19,10,53.08536111,145.1968333,319.4583333,5894.21804,39,63,0.7,31.79333333,14.44422001,24.10633248,66.96686079,6.713303863,105.5174133,53.08536111,145.1968333,5894.21804,39,63,0.7,31.79333333,6.713303863,76.7738109,3.391211443,3969,0.530628251,5.638557735,1.904091209
F2,120,4,20,10,39.06294444,121.6758611,264.4315,6380.180889,34,44,0.3,17.34666667,15.99374395,39.55337683,95.23865396,24.32447087,150.7857747,39.06294444,121.6758611,6380.180889,34,44,0.3,17.34666667,24.32447087,79.87603451,3.239611801,1936,0.262364264,4.164932973,3.191482875
F2,121,4,21,10,32.95322222,91.54463889,212.654,7284.66364,48,54,2.3,87.18666667,15.51108204,43.28858494,87.8387825,18.65807919,146.6384495,32.95322222,91.54463889,7284.66364,48,54,2.3,,18.65807919,85.35024101,3.634241186,2916,1.193922468,9.337380075,2.926279253
F2,122,4,22,10,48.72730556,129.3460833,297.1083333,5921.155094,37,74,0.8,35.05,12.71841683,30.5424681,65.62180385,16.1147369,108.8826888,48.72730556,129.3460833,5921.155094,37,74,0.8,35.05,16.1147369,76.94904219,3.332221852,5476,0.587786665,5.920304046,2.779734189
F2,123,4,23,10,60.54203333,121.0982667,348.6036,6706.478476,42,52,0.8,35.65233333,12.17155253,35.93858357,77.57934587,4.353649147,125.689482,60.54203333,121.0982667,6706.478476,42,52,0.8,35.65233333,4.353649147,81.89309175,3.476026645,2704,0.587786665,5.970957489,1.471014378
F2,124,4,24,10,39.16677778,123.8045278,240.1148333,7096.603938,34,52,0.4,17.51333333,18.17631315,52.49301546,110.6606663,22.53493421,181.3299949,39.16677778,123.8045278,7096.603938,34,52,0.4,17.51333333,22.53493421,84.2413434,3.239611801,2704,0.336472237,4.184893467,3.115066737
F2,125,4,25,11,52.44496667,116.0062333,320.4826,6182.651959,44,41,0.9,37.68,10.68768697,30.75390427,70.00044284,5.160607906,111.4420341,52.44496667,116.0062333,6182.651959,44,41,0.9,37.68,5.160607906,78.6298414,3.530348335,1681,0.641853886,6.138403701,1.641054384
F2,126,4,26,11,48.85853333,131.4499333,313.1084,5970.214147,44,47,1,38.18333333,10.54787691,28.7674652,58.09364639,9.191453054,97.4089885,48.85853333,131.4499333,5970.214147,44,47,1,38.18333333,9.191453054,77.26716086,3.530348335,2209,0.693147181,6.179266407,2.218274036
F2,127,4,27,11,49.34597222,125.6259167,296.7366667,5646.030714,44,61,1.5,49.13333333,13.74749236,33.44477306,67.10158354,10.83199748,114.293849,49.34597222,125.6259167,5646.030714,44,61,1.5,49.13333333,10.83199748,75.14007396,3.530348335,3721,0.916290732,7.009517339,2.382504484
F2,128,4,28,11,50.16072222,122.3650833,278.758,6567.326411,44,67,2,79.5,13.64058083,36.22828649,81.23459855,13.97195221,131.1034659,50.16072222,122.3650833,6567.326411,44,67,2,79.5,13.97195221,81.03904251,3.530348335,4489,1.098612289,8.91627725,2.637051907
F2,129,4,29,11,40.22761111,121.1505278,294.3373333,6560.285529,44,58,2.6,82.403,17.26323178,39.6184252,87.84439594,9.20098262,144.7260529,40.22761111,121.1505278,6560.285529,44,58,,82.403,9.20098262,80.99558957,3.530348335,3364,1.280933845,9.077609818,2.219310285
F2,130,4,30,11,48.53372222,114.8720833,274.787,6600.634328,38,46,0.7,32.10333333,17.3436581,41.9338455,101.4472769,8.105630252,160.7247805,48.53372222,114.8720833,6600.634328,38,46,0.7,32.10333333,8.105630252,81.24428797,3.361975407,2116,0.530628251,5.66598035,2.092558913
F2,131,4,31,12,58.75311111,145.0665833,307.0845,5818.115944,37,51,0.3,12.42666667,17.23119992,45.04431102,108.4158859,27.76451372,170.6913969,58.75311111,145.0665833,5818.115944,37,51,0.3,12.42666667,27.76451372,76.27657533,3.332221852,2601,0.262364264,3.525147752,3.32375872
F2,132,4,33,12,44.67911111,109.57425,244.3033333,7337.508112,42,35,0.4,12.83066667,19.62201088,44.75217314,99.94070239,9.488359419,164.3148864,44.67911111,109.57425,7337.508112,42,35,0.4,12.83066667,9.488359419,85.65925585,3.476026645,1225,0.336472237,3.581991997,2.250065723
F2,133,4,34,12,49.13169445,124.0817778,258.7308333,6842.905042,53,55,1.6,49.5,17.29339165,39.94462361,81.69213197,9.187366111,138.9301472,49.13169445,124.0817778,6842.905042,,55,1.6,49.5,9.187366111,82.72185347,3.756285754,3025,0.955511445,7.03562364,2.217829291
F2,134,4,35,12,50.29666667,130.8328889,294.2056667,6418.256542,35,55,0.5,24.2,16.9431905,42.03825914,100.1650906,6.891155215,159.1465403,50.29666667,130.8328889,6418.256542,35,55,0.5,24.2,6.891155215,80.11402213,3.27106631,3025,0.405465108,4.91934955,1.930238736
F2,135,4,36,12,43.17613889,124.2229445,319.2846667,6835.943653,39,50,0.9,30.9,15.39813853,42.23082433,91.89086852,6.404117766,149.5198314,43.17613889,124.2229445,6835.943653,39,50,0.9,30.9,6.404117766,82.67976568,3.391211443,2500,0.641853886,5.558776844,1.856941184
F2,136,5,36,12,47.41241667,114.9261944,262.6246667,7309.420291,53,22,1.1,34.43666667,,,,,,47.41241667,114.9261944,7309.420291,,22,1.1,34.43666667,,85.49514776,3.756285754,484,0.741937345,5.868276295,
F2,137,5,35,12,51.27869444,122.2064861,331.414,6484.302673,37,42,0.8,29.91666667,14.51393437,38.38749216,82.13873788,9.474462739,135.0401644,51.27869444,122.2064861,6484.302673,37,42,0.8,29.91666667,9.474462739,80.52516795,3.332221852,1764,0.587786665,5.469613027,2.248600046
F2,138,5,34,12,45.84933333,115.9645833,289.5971667,6280.542939,42,54,1.3,50.64,12.44344202,27.20589863,61.61589779,9.474462739,101.2652384,45.84933333,115.9645833,6280.542939,42,54,1.3,50.64,9.474462739,79.24987659,3.476026645,2916,0.832909123,7.11617875,2.248600046
F2,139,5,33,12,38.37730556,109.1563889,228.3735,6908.771362,38,55,1.1,27.73,13.13035904,34.65295077,71.87017004,5.351638399,119.6534799,38.37730556,109.1563889,6908.771362,38,55,1.1,27.73,5.351638399,83.11901926,3.361975407,3025,0.741937345,5.265928218,1.677402757
F2,140,5,32,12,50.12336111,121.4526389,307.7016667,6941.146171,39,35,0.3,13.31,22.75471995,56.72884087,118.8476928,6.319934787,198.3312537,50.12336111,121.4526389,6941.146171,39,35,0.3,13.31,6.319934787,83.31354134,3.391211443,1225,0.262364264,3.648287269,1.84370889
F2,141,5,31,12,42.21263889,128.4100556,251.4806667,6125.643523,41,71,1.2,43.98666667,18.16996918,42.81057802,100.7483653,9.52799932,161.7289125,42.21263889,128.4100556,6125.643523,41,71,1.2,43.98666667,9.52799932,78.26649042,3.44821724,5041,0.78845736,6.632244467,2.254234761
F2,142,5,30,11,46.13761111,112.9782778,253.915,7339.506814,39,63,1.5,52.08,22.84097025,47.83765128,111.4473723,11.90946334,182.1259938,46.13761111,112.9782778,7339.506814,39,63,1.5,52.08,11.90946334,85.67092164,3.391211443,3969,0.916290732,7.216647421,2.477333323
F2,143,5,29,11,64.73575,123.1324722,361.4941667,5786.999785,37,66,1.2,55.37666667,20.85312287,59.77498273,125.4131066,12.55472192,206.0412122,64.73575,123.1324722,5786.999785,37,66,1.2,55.37666667,12.55472192,76.07233259,3.332221852,4356,0.78845736,7.441550018,2.530096843
F2,144,5,28,11,46.15272222,117.4500278,294.8041667,6135.031363,42,54,1.1,37.37,,,,,,46.15272222,117.4500278,6135.031363,42,54,1.1,37.37,,78.32644102,3.476026645,2916,0.741937345,6.113100686,
F2,145,5,26,11,45.23661111,120.6064445,255.7943333,5653.223017,37,47,0.9,27.99333333,8.857676241,29.47604017,68.41992047,5.325359909,106.7536369,45.23661111,120.6064445,5653.223017,37,47,0.9,27.99333333,5.325359909,75.18791803,3.332221852,2209,0.641853886,5.290872644,1.672480298
F2,146,5,25,11,36.67988889,106.1179167,209.563,7736.415749,38,53,0.3,13.6,8.507856426,21.93025598,48.57496034,10.60386733,79.01307274,36.67988889,106.1179167,7736.415749,38,53,0.3,13.6,10.60386733,87.95689711,3.361975407,2809,0.262364264,3.687817783,2.361218777
F2,147,5,24,10,52.84933334,143.36575,312.2106667,5961.886223,38,44,0.3,13.18333333,,,,,,52.84933334,143.36575,5961.886223,38,44,0.3,13.18333333,,77.2132516,3.361975407,1936,0.262364264,3.630886025,
F2,148,5,23,10,51.15561111,122.0366111,270.915,6363.595068,37,31,0.9,31.92766667,11.51385939,31.81088222,68.26551323,4.782121875,111.5902548,51.15561111,122.0366111,6363.595068,37,31,0.9,31.92766667,4.782121875,79.77214469,3.332221852,961,0.641853886,5.650457209,1.564884355
F2,149,5,22,10,48.81327778,127.5036389,290.6581667,6613.811376,37,75,1.9,70.573,,,,,,48.81327778,127.5036389,6613.811376,37,75,1.9,70.573,,81.32534277,3.332221852,5625,1.064710737,8.400773774,
F2,150,5,21,10,43.0269,104.0011333,262.3644,6793.694569,42,62,1.6,61.16066667,19.61278958,48.9172686,102.6799901,9.493972971,171.2100483,43.0269,104.0011333,6793.694569,42,62,1.6,61.16066667,9.493972971,82.42387135,3.476026645,3844,0.955511445,7.820528542,2.250657173
F2,151,5,20,10,40.67694445,102.9065833,242.9143333,7131.202681,39,47,0.9,33.16766667,22.39508951,44.90647458,118.6634969,12.24974812,185.965061,40.67694445,102.9065833,7131.202681,39,47,0.9,33.16766667,12.24974812,84.4464486,3.391211443,2209,0.641853886,5.759137667,2.505505375
F2,152,5,19,10,42.73022222,112.3207778,247.2406667,6635.993945,42,46,1.3,50.36633333,18.94181916,39.26199263,99.65149756,12.85794166,157.8553094,42.73022222,112.3207778,6635.993945,42,46,1.3,50.36633333,12.85794166,81.46161025,3.476026645,2116,0.832909123,7.096924216,2.553961648
F2,153,5,18,9,42.40605556,102.5716389,213.787,6921.687216,37,45,0.8,35.45133333,15.56783113,35.59342721,79.29728544,19.49041882,130.4585438,42.40605556,102.5716389,6921.687216,37,45,0.8,35.45133333,19.49041882,83.19667791,3.332221852,2025,0.587786665,5.954102227,2.969923002
F2,154,5,17,9,32.83988889,99.81611111,208.078,7693.337658,39,60,0.5,21.07766667,19.75717563,47.5306717,100.8669961,11.33876524,168.1548435,32.83988889,99.81611111,7693.337658,39,60,0.5,21.07766667,11.33876524,87.71167344,3.391211443,3600,0.405465108,4.591042003,2.428227407
F2,155,5,16,9,43.06058334,123.4173333,239.1658333,6684.523037,41,66,1.6,63.93133333,11.21025004,28.34172308,57.0207294,7.731450842,96.57270251,43.06058334,123.4173333,6684.523037,41,66,1.6,63.93133333,7.731450842,81.75893246,3.44821724,4356,0.955511445,7.995707181,2.045296535
F2,156,5,15,9,52.19980556,134.7824445,311.511,6287.477827,41,60,0.4,17.676,16.76022063,46.90819016,98.39363617,7.930425792,162.062047,52.19980556,134.7824445,6287.477827,41,60,0.4,17.676,7.930425792,79.29361782,3.44821724,3600,0.336472237,4.20428353,2.070706728
F2,157,5,14,9,49.87461111,121.4027222,273.2491667,6247.685484,42,57,1,37.88566667,16.04674905,33.24617843,82.63010168,19.15055966,131.9230292,49.87461111,121.4027222,6247.685484,42,57,1,37.88566667,19.15055966,79.04230186,3.476026645,3249,0.693147181,6.155133359,2.95233194
F2,158,5,13,9,32.85283334,116.0387778,193.8856667,7666.385464,,,,,10.09807886,24.18503404,45.94195392,11.98775021,80.22506682,32.85283334,116.0387778,7666.385464,,,,,11.98775021,87.55789778,,,,,2.483885313
F2,159,5,12,8,51.97336111,118.55675,325.6593333,6038.73026,42,70,1.1,45.01033333,3.717706539,40.11927441,87.91258062,18.63529765,131.7495616,51.97336111,118.55675,6038.73026,42,70,1.1,45.01033333,18.63529765,77.70926753,3.476026645,4900,0.741937345,6.708974089,2.925057505
F2,160,5,11,8,48.47188889,121.0260555,301.109,6728.732966,39,57,0.8,27.86333333,18.53947957,45.15434827,109.82793,22.27347216,173.5217579,48.47188889,121.0260555,6728.732966,39,57,0.8,27.86333333,22.27347216,82.02885447,3.391211443,3249,0.587786665,5.278573039,3.103396381
F2,161,5,10,8,62.53361111,155.2046667,374.897,5640.504003,34,55,0.4,16.08666667,10.01744454,26.72789171,58.60334745,20.91874668,95.34868371,62.53361111,,5640.504003,34,55,0.4,16.08666667,20.91874668,75.1032889,3.239611801,3025,0.336472237,4.010818703,3.040645727
F2,162,5,9,8,49.88411111,125.5956945,283.1933333,5792.234263,44,56,0.8,31.66,17.27460239,30.73164173,79.7364816,8.6818826,127.7427257,49.88411111,125.5956945,5792.234263,44,56,0.8,31.66,8.6818826,76.10672942,3.530348335,3136,0.587786665,5.626721959,2.161238395
F2,163,5,8,8,55.03661111,138.1314445,319.752,6290.83928,41,54,1.6,55.12,12.12197941,26.99220142,66.23396904,10.84132647,105.3481499,55.03661111,138.1314445,6290.83928,41,54,1.6,55.12,10.84132647,79.31481123,3.44821724,2916,0.955511445,7.424284477,2.383365357
F2,164,5,7,8,46.07330556,128.5362778,262.0545,6078.931428,37,64,0.8,30.68,11.52900865,26.88486003,62.47348292,13.0359922,100.8873516,46.07330556,128.5362778,6078.931428,37,64,0.8,30.68,13.0359922,77.96750238,3.332221852,4096,0.587786665,5.53895297,2.567714163
F2,165,5,6,7,52.04911111,126.0997778,273.6663333,6733.434458,49,70,0.6,23.58666667,14.06736031,36.82038894,79.83146113,9.583779651,130.7192104,52.04911111,126.0997778,6733.434458,49,70,0.6,23.58666667,9.583779651,82.05750702,3.65930571,4900,0.470003629,4.856610615,2.26007205
F2,166,5,5,7,39.38216667,103.9496944,240.8241667,8834.11205,,22,0.4,18.31333333,16.33177715,41.27997029,84.43523681,11.16668941,142.0469843,39.38216667,103.9496944,,,22,0.4,18.31333333,11.16668941,93.98995718,,484,0.336472237,4.279408058,2.412935187
F2,167,5,4,7,48.49626667,111.8405333,288.6518,6579.136924,,15,0.3,17.45666667,8.132972719,28.29308175,62.34160432,5.165013821,98.76765879,48.49626667,111.8405333,6579.136924,,,0.3,17.45666667,5.165013821,81.11187906,,225,0.262364264,4.178117599,1.641907778
F2,168,5,3,7,40.52263889,119.2346111,225.176,6891.736969,42,58,0.5,21.649,11.0871839,29.66074969,68.2149922,13.85905278,108.9629258,40.52263889,119.2346111,6891.736969,42,58,0.5,21.649,13.85905278,83.01648613,3.476026645,3364,0.405465108,4.65284859,2.628938649
F2,169,5,2,7,40.77241667,103.0248889,244.7196667,6409.247242,42,52,0.6,27.67,13.8468466,41.52917742,95.97491377,9.003932846,151.3509378,40.77241667,103.0248889,6409.247242,42,52,0.6,27.67,9.003932846,80.0577744,3.476026645,2704,0.470003629,5.260228132,2.197661465
F2,170,6,12,8,36.25530555,101.9117778,217.5823333,7620.812784,39,51,0.9,34.84333333,11.90351103,18.99046994,53.58627233,9.563425327,84.48025329,36.25530555,101.9117778,7620.812784,39,51,0.9,34.84333333,9.563425327,87.29726676,3.391211443,2601,0.641853886,5.902824183,2.257945961
F2,171,6,11,8,44.86916667,121.6883889,269.4865,6264.038502,38,52,0.6,24.60666667,13.64983679,21.62800139,59.16678792,19.79967774,94.4446261,44.86916667,121.6883889,6264.038502,38,52,0.6,24.60666667,19.79967774,79.14567899,3.361975407,2704,0.470003629,4.960510727,2.985665662
F2,172,6,10,8,34.994,98.90800001,206.4761667,9210.988534,37,52,0.5,25.39,17.36116469,40.75630777,94.78239292,12.38741674,152.8998654,34.994,98.90800001,,37,52,0.5,25.39,12.38741674,,3.332221852,2704,0.405465108,5.038849075,2.516681178
F2,173,6,9,8,53.15602778,115.5419167,336.2403333,5808.652389,36,60,0.9,36.88666667,19.05906132,33.92228719,85.30180346,53.93654971,138.283152,53.15602778,115.5419167,5808.652389,36,60,0.9,36.88666667,,76.21451561,3.301927249,3600,0.641853886,6.073439443,3.98780835
F2,174,6,8,8,39.06730556,109.8923056,218.4891667,6739.487346,,,,,6.649627153,19.61796635,39.17378246,3.791085937,65.44137596,39.06730556,109.8923056,6739.487346,,,,,3.791085937,82.09438072,,,,,1.332652505
F2,175,6,7,8,47.87091667,130.4487223,279.2923333,6293.84869,44,49,0.7,31.61666667,9.734808436,21.39163581,43.11883874,11.68315408,74.24528299,47.87091667,130.4487223,6293.84869,44,49,0.7,31.61666667,11.68315408,79.33378026,3.530348335,2401,0.530628251,5.622869967,2.458147982
F2,176,6,6,7,40.017,113.5071944,219.3881667,7620.20333,53,27,1.6,61.564,14.25452483,25.84020185,63.49116359,16.46720392,103.5858903,40.017,113.5071944,7620.20333,,27,1.6,61.564,16.46720392,87.29377601,3.756285754,729,0.955511445,7.846273001,2.801370762
F2,177,6,5,7,47.25763889,130.5365556,259.722,6153.655633,53,52,1.5,58.5,10.57665012,20.92571675,49.04387035,10.01151594,80.54623722,47.25763889,130.5365556,6153.655633,,52,1.5,58.5,10.01151594,78.44523971,3.756285754,2704,0.916290732,7.64852927,2.303736024
F2,178,6,4,7,33.66588889,101.5953611,214.0715,7081.310837,38,29,0.3,16.9,17.00181158,45.04016578,103.3826441,10.7072149,165.4246214,33.66588889,101.5953611,7081.310837,38,29,0.3,16.9,10.7072149,84.15052488,3.361975407,841,0.262364264,4.110960958,2.370917804
F2,179,6,3,7,42.20891667,118.7537222,291.3356667,6158.425263,38,40,0.6,30.1,9.885711782,20.8841774,45.46443663,11.96277865,76.23432581,42.20891667,118.7537222,6158.425263,38,40,0.6,30.1,11.96277865,78.47563484,3.361975407,1600,0.470003629,5.48634669,2.48180005
F2,180,6,2,7,45.57941667,121.7817222,257.4496667,6622.744971,41,57,1,38.3,12.62741722,25.26001334,60.30100377,20.85651109,98.18843433,45.57941667,121.7817222,6622.744971,41,57,1,38.3,20.85651109,81.38024927,3.44821724,3249,0.693147181,6.188699379,3.037666182
F2,181,6,1,7,39.41444444,125.7664444,239.5603333,6093.088903,53,56,1.3,47.7,15.16084623,32.62030533,69.99789808,21.16275082,117.7790496,39.41444444,125.7664444,6093.088903,,56,1.3,47.7,21.16275082,78.05824046,3.756285754,3136,0.832909123,6.90651866,3.052242599
F2,182,7,29,11,47.78958333,132.8758889,273.8516667,6769.013628,37,54,0.8,35.63333333,10.93721655,25.45791226,60.9821021,6.398180268,97.37723092,47.78958333,132.8758889,6769.013628,37,54,0.8,35.63333333,6.398180268,82.27401551,3.332221852,2916,0.587786665,5.969366242,1.856013617
F2,183,7,30,11,44.44893333,119.7776666,303.1826,6619.716633,41,25,0.3,14.3,9.330596856,29.65944525,63.69758878,8.289821449,102.6876309,44.44893333,119.7776666,6619.716633,41,25,0.3,14.3,8.289821449,81.36164104,3.44821724,625,0.262364264,3.78153408,2.115028431
F2,184,7,31,12,50.16666667,121.4964445,290.971,6589.35756,39,36,0.3,13.66666667,,,,,,50.16666667,121.4964445,6589.35756,39,36,0.3,13.66666667,,81.17485793,3.391211443,1296,0.262364264,3.696845503,
F2,185,7,32,12,41.49741667,107.7876389,214.132,6523.718365,38,53,2.3,82.93333333,16.93129988,43.69606482,95.1793011,9.916701216,155.8066658,41.49741667,107.7876389,6523.718365,38,53,2.3,82.93333333,9.916701216,80.7695386,3.361975407,2809,1.193922468,9.106774035,2.294220327
F2,186,7,33,12,50.58261111,127.0654445,298.0306667,6705.267144,39,58,0.6,30.1,12.74725937,28.43138199,63.92541991,12.13877685,105.1040613,50.58261111,127.0654445,6705.267144,39,58,0.6,30.1,12.13877685,81.8856956,3.391211443,3364,0.470003629,5.48634669,2.496405027
F2,187,7,34,12,46.583,116.9481389,280.9133333,7369.987021,43,51,1.2,44.3,12.23537359,24.342843,54.52551442,9.067068837,91.103731,46.583,116.9481389,7369.987021,43,51,1.2,44.3,9.067068837,85.84862853,3.50339806,2601,0.78845736,6.655824517,2.204649041
MAL_01,1,,,,41.66421429,95.60640625,244.133,9558.111616,54,30,1.13,37.3,,,,,,41.66421429,95.60640625,9558.111616,54,30,1.13,37.3,,97.76559526,3.77976315,900,0.75612198,6.107372594,
MAL_01,2,,,,31.55254167,82.56648889,195.3485,10619.39217,52,56,1.83,76.83333333,,,,,,31.55254167,82.56648889,10619.39217,52,56,1.83,76.83333333,,103.0504351,3.732511157,3136,1.040276712,8.765462528,
MAL_01,3,,,,30.20084375,95.60640625,174.5573333,10123.47682,55,34,1.53,52.9,13.86712651,35.20215144,71.69585378,5.819804755,120.7651317,30.20084375,95.60640625,10123.47682,55,34,1.53,52.9,5.819804755,100.61549,3.802952461,1156,0.928219303,7.273238618,1.761266714
MAL_01,4,,,,36.03268,84.51518519,222.365,9344.097695,51,49,2.53,83.51666667,19.5479632,39.74872484,85.54887001,11.46731241,144.8455581,36.03268,84.51518519,9344.097695,51,49,2.53,83.51666667,11.46731241,96.66487312,3.708429769,2401,1.261297871,9.138745355,2.439500589
MAL_01,5,,,,29.0951875,85.23273684,162.67,9469.565218,49,59,1.13,47.29166667,15.10690513,36.51039464,75.69120656,8.603057875,127.3085063,29.0951875,85.23273684,9469.565218,49,59,1.13,47.29166667,8.603057875,97.31169107,3.65930571,3481,0.75612198,6.876893679,2.152117707
MAY_01,1,,,,37.44920513,107.9120208,228.6078,5913.130001,40,40,0.4,21,13.0939592,29.50270884,73.43841768,24.34738533,116.0350857,37.44920513,107.9120208,5913.130001,40,40,0.4,21,24.34738533,76.89687901,3.419951893,1600,0.336472237,4.582575695,3.192424465
MAY_01,2,,,,41.36678571,120.238037,239.005,5508.741077,40,35,0.47,18.6,,,,,,41.36678571,120.238037,5508.741077,40,35,0.47,18.6,,74.2208938,3.419951893,1225,0.385262401,4.312771731,
MAY_01,3,,,,44.022625,107.10044,309.138,5505.804966,40,40,0.4,16.6,12.47547388,31.11314865,74.0472148,20.21849893,117.6358373,44.022625,107.10044,5505.804966,40,40,0.4,16.6,20.21849893,74.20111162,3.419951893,1600,0.336472237,4.074309757,3.006597974
MAY_01,4,,,,45.09916667,99.8012,291.424,6081.295861,37,38,0.4,16.69066667,15.24595253,36.87520465,87.29360444,30.98331606,139.4147616,45.09916667,99.8012,6081.295861,37,38,0.4,16.69066667,30.98331606,77.98266385,3.332221852,1444,0.336472237,4.085421235,3.433448868
MAY_01,5,,,,,,,5557.149039,34,45,0.53,19.01,11.41176649,27.82049552,59.44543947,11.28882829,98.67770149,,,5557.149039,34,45,0.53,19.01,11.28882829,74.5462879,3.239611801,2025,0.425267735,4.360045871,2.42381359
F1,1,,,,49.71505556,114.3731389,279.7093333,6908.014276,38,77,1.03,45.3,14.67821899,38.6065231,89.65626721,6.942394918,142.9410093,49.71505556,114.3731389,6908.014276,38,77,1.03,45.3,6.942394918,83.1144649,3.361975407,5929,0.708035793,6.730527468,1.937646804
F1,2,,,,47.30616667,119.5454444,281.5578333,6527.670344,35,67,0.97,45.1,,,,,,47.30616667,119.5454444,6527.670344,35,67,0.97,45.1,,80.79399943,3.27106631,4489,0.678033543,6.715653356,
